CustomerID,CustomerName,City,State,Region,CustomerSegment,JoinDate,Status,CreatedDate,UpdatedDate
CUST0001,Swati Kulkarni,Ahmedabad,Gujarat,West,Premium,2022-03-25,Active,2022-03-25,2023-06-28
CUST0002,Sanjay Singh,Nagpur,Maharashtra,West,Standard,2022-02-21,Active,2022-02-21,2024-07-31
CUST0003,Gaurav Mishra,Kochi,Kerala,South,Premium,2023-06-05,Active,2023-06-05,2024-04-18
CUST0004,Ishita Yadav,Ranchi,Jharkhand,East,Standard,2022-02-22,Active,2022-02-22,2022-12-27
CUST0005,Amit Kumar,Delhi,Delhi,North,Standard,2023-01-14,Inactive,2023-01-14,2024-06-19
CUST0006,Ishita Yadav,Pune,Maharashtra,West,Premium,2023-12-22,Active,2023-12-22,2024-09-12
CUST0007,Divya Arora,Chandigarh,Punjab,North,Standard,2023-11-03,Active,2023-11-03,2024-06-20
CUST0008,Kavitha Saxena,Coimbatore,Tamil Nadu,South,Standard,2024-04-23,Active,2024-04-23,2024-09-28
CUST0009,Nikita Joshi,Ahmedabad,Gujarat,West,Premium,2024-01-23,Inactive,2024-01-23,2024-10-11
CUST0010,Komal Agarwal,Kolkata,West Bengal,East,Premium,2021-08-09,Active,2021-08-09,2024-02-15
CUST0011,Kavitha Jain,Ahmedabad,Gujarat,West,Standard,2024-09-26,Active,2024-09-26,2024-12-03
CUST0012,Priya Yadav,Nagpur,Maharashtra,West,Standard,2023-04-04,Active,2023-04-04,2024-03-01
CUST0013,Divya Yadav,Ahmedabad,Gujarat,West,Standard,2024-06-12,Active,2024-06-12,2024-08-08
CUST0014,Ishita Yadav,Kolkata,West Bengal,East,Standard,2024-06-17,Active,2024-06-17,2024-09-10
CUST0015,Vivek Malhotra,Nagpur,Maharashtra,West,Standard,2021-12-23,Active,2021-12-23,2024-08-19
CUST0016,Swati Das,Jaipur,Rajasthan,North,Premium,2023-03-06,Active,2023-03-06,2024-10-14
CUST0017,Sneha Das,Bengaluru,Karnataka,South,Standard,2023-11-04,Active,2023-11-04,2024-07-05
CUST0018,Geeta Patel,Bengaluru,Karnataka,South,Premium,2024-08-19,Active,2024-08-19,2024-12-04
CUST0019,Isha Saxena,Amritsar,Punjab,North,Standard,2021-10-26,Active,2021-10-26,2022-03-22
CUST0020,Ajay Yadav,Chandigarh,Punjab,North,Premium,2021-09-11,Active,2021-09-11,2022-05-13
CUST0021,Amit Arora,Chennai,Tamil Nadu,South,Standard,2022-02-16,Active,2022-02-16,2023-01-17
CUST0022,Arjun Malhotra,Coimbatore,Tamil Nadu,South,Premium,2024-02-26,Active,2024-02-26,2024-05-30
CUST0023,Swati Kulkarni,Ranchi,Jharkhand,East,Standard,2021-09-09,Active,2021-09-09,2022-01-25
CUST0024,Vikram Kapoor,Bhopal,Madhya Pradesh,North,Standard,2022-11-26,Active,2022-11-26,2023-06-19
CUST0025,Asha Mehta,Coimbatore,Tamil Nadu,South,Standard,2022-11-09,Active,2022-11-09,2024-05-18
CUST0026,Rahul Rao,Amritsar,Punjab,North,Standard,2022-06-12,Active,2022-06-12,2024-02-20
CUST0027,Arjun Bhat,Ahmedabad,Gujarat,West,Standard,2024-07-11,Active,2024-07-11,2024-11-01
CUST0028,Asha Arora,Pune,Maharashtra,West,Premium,2021-11-15,Active,2021-11-15,2022-07-19
CUST0029,Ishita Malhotra,Jaipur,Rajasthan,North,Premium,2021-04-08,Active,2021-04-08,2023-12-07
CUST0030,Divya Arora,Hyderabad,Telangana,South,Standard,2023-05-23,Active,2023-05-23,2023-06-01
CUST0031,Radhika Agarwal,Lucknow,Uttar Pradesh,North,Standard,2022-07-15,Active,2022-07-15,2023-01-04
CUST0032,Meera Agarwal,Delhi,Delhi,North,Premium,2021-11-27,Active,2021-11-27,2024-02-23
CUST0033,Pooja Kapoor,Mumbai,Maharashtra,West,Standard,2023-08-16,Active,2023-08-16,2024-05-11
CUST0034,Kunal Menon,Coimbatore,Tamil Nadu,South,Premium,2021-10-19,Active,2021-10-19,2024-04-11
CUST0035,Sneha Mehta,Ahmedabad,Gujarat,West,Standard,2021-10-14,Active,2021-10-14,2024-08-13
CUST0036,Simran Mehta,Ahmedabad,Gujarat,West,Standard,2024-01-10,Active,2024-01-10,2024-11-14
CUST0037,Aarti Joshi,Hyderabad,Telangana,South,Standard,2022-07-05,Active,2022-07-05,2023-06-10
CUST0038,Harish Yadav,Mumbai,Maharashtra,West,Standard,2023-06-10,Active,2023-06-10,2023-11-20
CUST0039,Akash Mishra,Coimbatore,Tamil Nadu,South,Standard,2024-02-10,Active,2024-02-10,2024-03-29
CUST0040,Yash Singh,Ahmedabad,Gujarat,West,Premium,2022-09-26,Active,2022-09-26,2023-01-05
CUST0041,Riya Joshi,Bengaluru,Karnataka,South,Standard,2022-05-04,Active,2022-05-04,2023-07-18
CUST0042,Meera Saxena,Surat,Gujarat,West,Standard,2021-03-12,Active,2021-03-12,2021-04-18
CUST0043,Rahul Agarwal,Lucknow,Uttar Pradesh,North,Premium,2024-06-02,Active,2024-06-02,2024-08-04
CUST0044,Deepak Joshi,Jaipur,Rajasthan,North,Standard,2022-01-16,Active,2022-01-16,2023-03-07
CUST0045,Divya Nair,Surat,Gujarat,West,Standard,2023-03-18,Active,2023-03-18,2023-07-11
CUST0046,Rohit Trivedi,Lucknow,Uttar Pradesh,North,Standard,2023-08-19,Active,2023-08-19,2024-07-26
CUST0047,Riya Agarwal,Hyderabad,Telangana,South,Standard,2024-06-20,Active,2024-06-20,2024-10-21
CUST0048,Riya Mehta,Surat,Gujarat,West,Standard,2023-12-10,Active,2023-12-10,2024-05-27
CUST0049,Tanvi Chatterjee,Delhi,Delhi,North,Premium,2024-07-21,Active,2024-07-21,2024-11-18
CUST0050,Ananya Desai,Coimbatore,Tamil Nadu,South,Standard,2023-08-18,Active,2023-08-18,2024-10-15
CUST0051,Siddharth Menon,Lucknow,Uttar Pradesh,North,Standard,2024-03-24,Active,2024-03-24,2024-04-20
CUST0052,Ajay Das,Pune,Maharashtra,West,Premium,2022-09-03,Active,2022-09-03,2023-10-21
CUST0053,Aarti Malhotra,Chandigarh,Punjab,North,Standard,2021-05-22,Active,2021-05-22,2023-06-07
CUST0054,Pooja Malhotra,Coimbatore,Tamil Nadu,South,Standard,2021-08-06,Active,2021-08-06,2021-08-17
CUST0055,Mohit Bhat,Kolkata,West Bengal,East,Premium,2021-06-13,Active,2021-06-13,2023-05-24
CUST0056,Neha Gupta,Kolkata,West Bengal,East,Standard,2023-10-04,Active,2023-10-04,2024-06-08
CUST0057,Ajay Yadav,Chennai,Tamil Nadu,South,Standard,2024-05-12,Active,2024-05-12,2024-10-06
CUST0058,Karan Reddy,Patna,Bihar,East,Standard,2023-07-12,Active,2023-07-12,2023-07-23
CUST0059,Riya Desai,Guwahati,Assam,East,Standard,2021-04-10,Active,2021-04-10,2022-08-22
CUST0060,Asha Shah,Bengaluru,Karnataka,South,Standard,2022-06-07,Active,2022-06-07,2022-08-14
CUST0061,Sunita Arora,Hyderabad,Telangana,South,Premium,2023-02-17,Active,2023-02-17,2023-11-03
CUST0062,Rekha Nair,Kochi,Kerala,South,Standard,2021-04-24,Active,2021-04-24,2024-01-22
CUST0063,Isha Malhotra,Kochi,Kerala,South,Premium,2021-05-25,Active,2021-05-25,2023-11-25
CUST0064,Tanvi Pillai,Bhubaneswar,Odisha,East,Standard,2022-02-24,Inactive,2022-02-24,2024-03-27
CUST0065,Rakesh Verma,Ahmedabad,Gujarat,West,Premium,2021-10-28,Active,2021-10-28,2022-11-22
CUST0066,Swati Verma,Kolkata,West Bengal,East,Standard,2024-02-04,Inactive,2024-02-04,2024-09-06
CUST0067,Nikita Kumar,Bhubaneswar,Odisha,East,Standard,2024-01-22,Active,2024-01-22,2024-08-21
CUST0068,Tanvi Pillai,Hyderabad,Telangana,South,Premium,2022-10-28,Active,2022-10-28,2023-04-24
CUST0069,Vivek Malhotra,Patna,Bihar,East,Standard,2024-05-17,Active,2024-05-17,2024-12-15
CUST0070,Vikram Yadav,Jaipur,Rajasthan,North,Standard,2023-04-10,Active,2023-04-10,2024-10-04
CUST0071,Pooja Agarwal,Lucknow,Uttar Pradesh,North,Standard,2023-12-23,Active,2023-12-23,2024-06-22
CUST0072,Vivek Bose,Chennai,Tamil Nadu,South,Standard,2021-02-02,Inactive,2021-02-02,2021-05-02
CUST0073,Abhishek Desai,Jaipur,Rajasthan,North,Standard,2022-05-18,Active,2022-05-18,2024-05-17
CUST0074,Divya Chatterjee,Chandigarh,Punjab,North,Standard,2021-01-02,Active,2021-01-02,2021-08-28
CUST0075,Rohit Joshi,Kolkata,West Bengal,East,Premium,2024-05-30,Active,2024-05-30,2024-12-09
CUST0076,Mohit Shah,Kolkata,West Bengal,East,Standard,2024-01-02,Active,2024-01-02,2024-12-29
CUST0077,Ishita Menon,Lucknow,Uttar Pradesh,North,Standard,2024-08-20,Inactive,2024-08-20,2024-12-27
CUST0078,Meera Menon,Nagpur,Maharashtra,West,Premium,2024-02-14,Active,2024-02-14,2024-10-22
CUST0079,Meera Sharma,Kochi,Kerala,South,Standard,2023-09-22,Active,2023-09-22,2024-11-01
CUST0080,Deepak Trivedi,Bengaluru,Karnataka,South,Standard,2021-09-09,Active,2021-09-09,2023-06-22
CUST0081,Radhika Malhotra,Bhubaneswar,Odisha,East,Standard,2024-04-29,Active,2024-04-29,2024-08-09
CUST0082,Meera Sharma,Bhubaneswar,Odisha,East,Premium,2024-03-19,Active,2024-03-19,2024-06-26
CUST0083,Harish Pillai,Kolkata,West Bengal,East,Standard,2023-02-18,Inactive,2023-02-18,2023-04-14
CUST0084,Radhika Menon,Patna,Bihar,East,Standard,2024-08-17,Active,2024-08-17,2024-12-30
CUST0085,Asha Mehta,Nagpur,Maharashtra,West,Standard,2024-05-15,Active,2024-05-15,2024-09-26
CUST0086,Divya Chatterjee,Surat,Gujarat,West,Standard,2022-08-10,Active,2022-08-10,2024-12-28
CUST0087,Rohit Iyer,Jaipur,Rajasthan,North,Standard,2022-11-24,Active,2022-11-24,2024-06-04
CUST0088,Priya Yadav,Coimbatore,Tamil Nadu,South,Standard,2022-10-11,Active,2022-10-11,2024-03-04
CUST0089,Divya Yadav,Chandigarh,Punjab,North,Standard,2021-12-12,Active,2021-12-12,2024-09-02
CUST0090,Ishita Das,Nagpur,Maharashtra,West,Premium,2021-07-08,Active,2021-07-08,2023-01-17
CUST0091,Gaurav Menon,Hyderabad,Telangana,South,Standard,2022-06-30,Active,2022-06-30,2023-05-01
CUST0092,Harish Kumar,Bengaluru,Karnataka,South,Standard,2021-09-01,Inactive,2021-09-01,2021-11-08
CUST0093,Asha Pillai,Lucknow,Uttar Pradesh,North,Premium,2021-04-03,Active,2021-04-03,2023-03-30
CUST0094,Divya Reddy,Bhubaneswar,Odisha,East,Premium,2022-08-21,Active,2022-08-21,2023-01-04
CUST0095,Aditya Kumar,Amritsar,Punjab,North,Premium,2021-07-19,Active,2021-07-19,2024-11-11
CUST0096,Meera Patel,Jaipur,Rajasthan,North,Standard,2022-01-03,Active,2022-01-03,2024-06-21
CUST0097,Nikita Mishra,Hyderabad,Telangana,South,Premium,2023-10-05,Active,2023-10-05,2024-11-05
CUST0098,Manish Kulkarni,Kolkata,West Bengal,East,Standard,2023-03-28,Active,2023-03-28,2024-09-03
CUST0099,Neha Trivedi,Guwahati,Assam,East,Standard,2021-10-27,Active,2021-10-27,2022-12-13
CUST0100,Asha Mehta,Ranchi,Jharkhand,East,Standard,2022-03-16,Active,2022-03-16,2024-10-17
CUST0101,Divya Singh,Bhubaneswar,Odisha,East,Premium,2023-05-03,Active,2023-05-03,2023-10-31
CUST0102,Rakesh Agarwal,Amritsar,Punjab,North,Premium,2022-03-28,Active,2022-03-28,2024-09-25
CUST0103,Harish Pillai,Hyderabad,Telangana,South,Standard,2021-07-29,Active,2021-07-29,2024-02-11
CUST0104,Preeti Mishra,Patna,Bihar,East,Standard,2023-01-04,Active,2023-01-04,2023-06-28
CUST0105,Priya Joshi,Amritsar,Punjab,North,Premium,2021-08-12,Active,2021-08-12,2022-03-04
CUST0106,Gaurav Menon,Surat,Gujarat,West,Premium,2022-05-25,Active,2022-05-25,2022-08-22
CUST0107,Geeta Sharma,Kolkata,West Bengal,East,Standard,2024-08-19,Active,2024-08-19,2024-12-20
CUST0108,Siddharth Bhat,Delhi,Delhi,North,Standard,2023-04-03,Active,2023-04-03,2023-12-31
CUST0109,Neha Bose,Guwahati,Assam,East,Standard,2023-07-30,Active,2023-07-30,2024-10-07
CUST0110,Mohit Shah,Nagpur,Maharashtra,West,Premium,2023-01-26,Active,2023-01-26,2024-05-20
CUST0111,Kunal Iyer,Pune,Maharashtra,West,Standard,2022-08-03,Active,2022-08-03,2023-08-28
CUST0112,Aditya Kapoor,Kolkata,West Bengal,East,Standard,2023-02-18,Active,2023-02-18,2023-10-15
CUST0113,Swati Kumar,Ranchi,Jharkhand,East,Premium,2023-07-03,Inactive,2023-07-03,2023-09-15
CUST0114,Radhika Rao,Jaipur,Rajasthan,North,Standard,2024-07-02,Active,2024-07-02,2024-08-31
CUST0115,Aditya Patel,Ranchi,Jharkhand,East,Premium,2021-07-16,Active,2021-07-16,2021-11-10
CUST0116,Riya Joshi,Delhi,Delhi,North,Standard,2021-12-15,Active,2021-12-15,2023-10-04
CUST0117,Vivek Kapoor,Bengaluru,Karnataka,South,Standard,2022-09-16,Active,2022-09-16,2023-03-29
CUST0118,Radhika Singh,Bhubaneswar,Odisha,East,Premium,2024-01-03,Active,2024-01-03,2024-11-28
CUST0119,Aarti Joshi,Chennai,Tamil Nadu,South,Enterprise,2023-05-04,Active,2023-05-04,2023-12-21
CUST0120,Radhika Trivedi,Nagpur,Maharashtra,West,Standard,2021-12-24,Active,2021-12-24,2024-02-12
CUST0121,Kunal Mehta,Guwahati,Assam,East,Premium,2023-11-05,Inactive,2023-11-05,2024-06-17
CUST0122,Gaurav Menon,Jaipur,Rajasthan,North,Premium,2023-07-01,Active,2023-07-01,2024-10-04
CUST0123,Karan Pillai,Kolkata,West Bengal,East,Premium,2023-12-20,Active,2023-12-20,2024-06-16
CUST0124,Amit Patel,Kolkata,West Bengal,East,Standard,2021-08-22,Active,2021-08-22,2024-02-03
CUST0125,Aditya Shah,Patna,Bihar,East,Premium,2023-03-24,Inactive,2023-03-24,2023-11-25
CUST0126,Sanjay Desai,Mumbai,Maharashtra,West,Standard,2023-05-06,Active,2023-05-06,2023-05-08
CUST0127,Pooja Pillai,Pune,Maharashtra,West,Premium,2021-10-28,Active,2021-10-28,2023-02-13
CUST0128,Kunal Menon,Bhubaneswar,Odisha,East,Standard,2023-12-05,Active,2023-12-05,2024-08-26
CUST0129,Varun Chatterjee,Bhubaneswar,Odisha,East,Standard,2021-08-29,Active,2021-08-29,2022-06-10
CUST0130,Siddharth Menon,Delhi,Delhi,North,Standard,2024-09-06,Active,2024-09-06,2024-11-16
CUST0131,Kavitha Das,Hyderabad,Telangana,South,Premium,2024-05-21,Active,2024-05-21,2024-08-28
CUST0132,Abhishek Joshi,Ranchi,Jharkhand,East,Premium,2021-11-13,Inactive,2021-11-13,2022-12-21
CUST0133,Arjun Shah,Bhopal,Madhya Pradesh,North,Premium,2023-10-30,Active,2023-10-30,2024-04-20
CUST0134,Meera Menon,Mumbai,Maharashtra,West,Premium,2023-11-05,Active,2023-11-05,2024-09-07
CUST0135,Ishita Das,Kochi,Kerala,South,Standard,2021-10-29,Active,2021-10-29,2024-10-11
CUST0136,Harish Pillai,Hyderabad,Telangana,South,Premium,2022-01-08,Active,2022-01-08,2023-08-31
CUST0137,Nikita Iyer,Guwahati,Assam,East,Standard,2021-11-08,Active,2021-11-08,2023-02-13
CUST0138,Simran Saxena,Amritsar,Punjab,North,Standard,2021-05-20,Active,2021-05-20,2022-10-05
CUST0139,Meera Bose,Patna,Bihar,East,Standard,2021-08-11,Active,2021-08-11,2024-11-21
CUST0140,Komal Agarwal,Mumbai,Maharashtra,West,Standard,2023-06-07,Active,2023-06-07,2023-10-21
CUST0141,Aarti Malhotra,Guwahati,Assam,East,Standard,2021-11-27,Active,2021-11-27,2024-05-11
CUST0142,Nikita Pillai,Ahmedabad,Gujarat,West,Standard,2023-05-24,Active,2023-05-24,2023-11-27
CUST0143,Neha Gupta,Bengaluru,Karnataka,South,Standard,2021-08-15,Active,2021-08-15,2022-07-04
CUST0144,Arjun Kulkarni,Chennai,Tamil Nadu,South,Premium,2021-11-07,Active,2021-11-07,2022-08-22
CUST0145,Simran Verma,Surat,Gujarat,West,Standard,2022-12-14,Active,2022-12-14,2023-06-23
CUST0146,Aditya Kumar,Nagpur,Maharashtra,West,Standard,2024-02-16,Active,2024-02-16,2024-06-18
CUST0147,Naveen Patel,Nagpur,Maharashtra,West,Premium,2022-04-06,Active,2022-04-06,2022-10-09
CUST0148,Mohit Shah,Kochi,Kerala,South,Standard,2022-06-03,Active,2022-06-03,2024-09-08
CUST0149,Swati Yadav,Jaipur,Rajasthan,North,Standard,2021-05-01,Active,2021-05-01,2023-09-24
CUST0150,Neha Gupta,Hyderabad,Telangana,South,Standard,2023-03-16,Active,2023-03-16,2024-06-09
CUST0151,Sneha Chatterjee,Lucknow,Uttar Pradesh,North,Standard,2023-03-08,Active,2023-03-08,2024-02-04
CUST0152,Radhika Menon,Patna,Bihar,East,Premium,2021-08-06,Active,2021-08-06,2024-11-10
CUST0153,Sneha Saxena,Bhopal,Madhya Pradesh,North,Standard,2024-05-25,Active,2024-05-25,2024-10-17
CUST0154,Rakesh Sharma,Delhi,Delhi,North,Standard,2023-03-22,Active,2023-03-22,2024-02-09
CUST0155,Nikita Chatterjee,Patna,Bihar,East,Standard,2022-03-04,Active,2022-03-04,2022-10-26
CUST0156,Sunita Jain,Mumbai,Maharashtra,West,Premium,2022-03-27,Active,2022-03-27,2023-05-22
CUST0157,Deepak Saxena,Kolkata,West Bengal,East,Premium,2022-10-08,Active,2022-10-08,2023-10-23
CUST0158,Karan Das,Chennai,Tamil Nadu,South,Standard,2023-05-25,Active,2023-05-25,2023-08-11
CUST0159,Ishita Mehta,Hyderabad,Telangana,South,Standard,2021-10-15,Active,2021-10-15,2024-07-03
CUST0160,Meera Das,Guwahati,Assam,East,Premium,2023-02-04,Active,2023-02-04,2024-03-29
CUST0161,Simran Joshi,Surat,Gujarat,West,Premium,2021-04-23,Active,2021-04-23,2024-02-05
CUST0162,Kavitha Rao,Nagpur,Maharashtra,West,Standard,2021-12-31,Active,2021-12-31,2022-10-23
CUST0163,Isha Malhotra,Kolkata,West Bengal,East,Standard,2024-05-12,Active,2024-05-12,2024-06-22
CUST0164,Mohit Trivedi,Lucknow,Uttar Pradesh,North,Standard,2021-08-14,Active,2021-08-14,2021-11-13
CUST0165,Kunal Iyer,Patna,Bihar,East,Premium,2021-09-05,Active,2021-09-05,2021-12-26
CUST0166,Naveen Menon,Ahmedabad,Gujarat,West,Premium,2023-05-25,Active,2023-05-25,2024-09-02
CUST0167,Vivek Jain,Guwahati,Assam,East,Standard,2024-08-23,Active,2024-08-23,2024-10-26
CUST0168,Yash Rao,Kolkata,West Bengal,East,Standard,2024-08-05,Active,2024-08-05,2024-09-02
CUST0169,Vivek Singh,Jaipur,Rajasthan,North,Standard,2022-08-30,Active,2022-08-30,2024-01-08
CUST0170,Deepak Trivedi,Hyderabad,Telangana,South,Premium,2022-08-09,Active,2022-08-09,2023-05-08
CUST0171,Meera Menon,Ranchi,Jharkhand,East,Premium,2024-08-06,Active,2024-08-06,2024-12-11
CUST0172,Akash Mishra,Bhubaneswar,Odisha,East,Standard,2024-05-13,Active,2024-05-13,2024-06-07
CUST0173,Swati Agarwal,Pune,Maharashtra,West,Standard,2022-10-29,Active,2022-10-29,2023-05-30
CUST0174,Rahul Mehta,Bhubaneswar,Odisha,East,Standard,2022-02-24,Active,2022-02-24,2022-09-27
CUST0175,Shalini Shah,Bhubaneswar,Odisha,East,Premium,2024-07-09,Active,2024-07-09,2024-10-24
CUST0176,Sunita Trivedi,Kochi,Kerala,South,Standard,2022-05-14,Active,2022-05-14,2024-12-26
CUST0177,Preeti Trivedi,Patna,Bihar,East,Standard,2021-09-21,Active,2021-09-21,2024-03-31
CUST0178,Nikita Iyer,Bhubaneswar,Odisha,East,Premium,2022-05-26,Active,2022-05-26,2023-04-28
CUST0179,Karan Reddy,Nagpur,Maharashtra,West,Standard,2024-05-16,Inactive,2024-05-16,2024-08-22
CUST0180,Nikita Chatterjee,Delhi,Delhi,North,Premium,2023-02-08,Active,2023-02-08,2024-12-25
CUST0181,Sanjay Das,Bhubaneswar,Odisha,East,Premium,2022-06-13,Active,2022-06-13,2024-05-02
CUST0182,Priya Desai,Bhubaneswar,Odisha,East,Premium,2022-04-24,Inactive,2022-04-24,2023-08-24
CUST0183,Deepak Yadav,Delhi,Delhi,North,Premium,2021-04-23,Active,2021-04-23,2021-10-24
CUST0184,Asha Arora,Jaipur,Rajasthan,North,Standard,2022-10-20,Active,2022-10-20,2023-05-08
CUST0185,Meera Saxena,Delhi,Delhi,North,Standard,2021-06-12,Active,2021-06-12,2023-09-20
CUST0186,Radhika Malhotra,Bengaluru,Karnataka,South,Premium,2021-12-26,Active,2021-12-26,2023-06-07
CUST0187,Aditya Patel,Mumbai,Maharashtra,West,Standard,2023-08-07,Active,2023-08-07,2024-06-05
CUST0188,Asha Verma,Bengaluru,Karnataka,South,Standard,2021-12-18,Active,2021-12-18,2024-12-07
CUST0189,Sneha Saxena,Bengaluru,Karnataka,South,Premium,2023-07-14,Active,2023-07-14,2024-10-31
CUST0190,Siddharth Bhat,Lucknow,Uttar Pradesh,North,Standard,2021-10-12,Active,2021-10-12,2024-06-07
CUST0191,Manish Menon,Chandigarh,Punjab,North,Standard,2023-09-22,Active,2023-09-22,2023-10-06
CUST0192,Shalini Shah,Chandigarh,Punjab,North,Premium,2023-01-19,Active,2023-01-19,2024-07-31
CUST0193,Ananya Yadav,Jaipur,Rajasthan,North,Standard,2021-04-09,Inactive,2021-04-09,2022-03-28
CUST0194,Kavitha Rao,Bhopal,Madhya Pradesh,North,Standard,2021-12-05,Active,2021-12-05,2023-03-16
CUST0195,Simran Mehta,Jaipur,Rajasthan,North,Premium,2023-07-15,Active,2023-07-15,2024-03-15
CUST0196,Asha Pillai,Coimbatore,Tamil Nadu,South,Standard,2022-10-14,Active,2022-10-14,2024-10-07
CUST0197,Sanjay Saxena,Delhi,Delhi,North,Premium,2021-04-21,Active,2021-04-21,2024-10-20
CUST0198,Siddharth Kapoor,Guwahati,Assam,East,Premium,2022-04-24,Active,2022-04-24,2023-01-26
CUST0199,Harish Kumar,Bhopal,Madhya Pradesh,North,Standard,2021-08-29,Active,2021-08-29,2023-08-04
CUST0200,Karan Saxena,Amritsar,Punjab,North,Standard,2024-07-07,Active,2024-07-07,2024-10-21
CUST0201,Nikita Singh,Chennai,Tamil Nadu,South,Standard,2023-11-01,Active,2023-11-01,2024-05-22
CUST0202,Sneha Trivedi,Chandigarh,Punjab,North,Premium,2023-04-14,Active,2023-04-14,2023-12-19
CUST0203,Ajay Shah,Jaipur,Rajasthan,North,Standard,2023-10-08,Active,2023-10-08,2023-12-23
CUST0204,Sneha Sharma,Guwahati,Assam,East,Standard,2023-09-19,Active,2023-09-19,2024-07-10
CUST0205,Geeta Rao,Surat,Gujarat,West,Standard,2022-02-15,Active,2022-02-15,2023-07-18
CUST0206,Meera Saxena,Guwahati,Assam,East,Standard,2022-08-31,Active,2022-08-31,2024-10-15
CUST0207,Deepak Bhat,Bhubaneswar,Odisha,East,Standard,2021-07-28,Active,2021-07-28,2024-09-09
CUST0208,Varun Saxena,Kochi,Kerala,South,Premium,2023-04-02,Inactive,2023-04-02,2024-04-30
CUST0209,Geeta Rao,Hyderabad,Telangana,South,Premium,2023-02-26,Active,2023-02-26,2024-12-10
CUST0210,Pooja Sharma,Coimbatore,Tamil Nadu,South,Standard,2023-07-14,Active,2023-07-14,2024-03-16
CUST0211,Vivek Desai,Amritsar,Punjab,North,Standard,2021-05-28,Active,2021-05-28,2024-04-29
CUST0212,Tanvi Pillai,Chennai,Tamil Nadu,South,Standard,2023-04-17,Active,2023-04-17,2024-10-10
CUST0213,Mohit Verma,Bhopal,Madhya Pradesh,North,Standard,2021-12-13,Active,2021-12-13,2022-09-15
CUST0214,Vikram Malhotra,Hyderabad,Telangana,South,Standard,2024-06-08,Active,2024-06-08,2024-10-16
CUST0215,Gaurav Yadav,Nagpur,Maharashtra,West,Standard,2023-07-18,Active,2023-07-18,2024-02-27
CUST0216,Nikita Trivedi,Kolkata,West Bengal,East,Premium,2024-07-17,Active,2024-07-17,2024-10-10
CUST0217,Tanvi Mishra,Chandigarh,Punjab,North,Premium,2023-04-18,Active,2023-04-18,2024-01-01
CUST0218,Varun Chatterjee,Pune,Maharashtra,West,Standard,2024-02-24,Active,2024-02-24,2024-11-02
CUST0219,Yash Das,Hyderabad,Telangana,South,Standard,2022-09-08,Active,2022-09-08,2023-08-27
CUST0220,Isha Singh,Nagpur,Maharashtra,West,Standard,2021-10-27,Active,2021-10-27,2022-03-21
CUST0221,Aditya Patel,Jaipur,Rajasthan,North,Standard,2021-05-07,Active,2021-05-07,2021-09-22
CUST0222,Sneha Chatterjee,Bengaluru,Karnataka,South,Premium,2022-10-10,Active,2022-10-10,2024-03-15
CUST0223,Kunal Jain,Guwahati,Assam,East,Premium,2022-10-01,Active,2022-10-01,2023-08-07
CUST0224,Rakesh Mehta,Delhi,Delhi,North,Standard,2021-11-05,Active,2021-11-05,2024-07-12
CUST0225,Pooja Kapoor,Ahmedabad,Gujarat,West,Premium,2022-12-11,Active,2022-12-11,2023-12-19
CUST0226,Nidhi Patel,Coimbatore,Tamil Nadu,South,Standard,2021-03-28,Active,2021-03-28,2022-06-12
CUST0227,Geeta Rao,Amritsar,Punjab,North,Standard,2021-03-23,Active,2021-03-23,2023-01-20
CUST0228,Swati Das,Delhi,Delhi,North,Premium,2023-02-01,Active,2023-02-01,2024-06-11
CUST0229,Swati Kumar,Ahmedabad,Gujarat,West,Standard,2022-07-31,Active,2022-07-31,2023-07-19
CUST0230,Naveen Iyer,Jaipur,Rajasthan,North,Standard,2023-12-07,Active,2023-12-07,2024-02-01
CUST0231,Gaurav Iyer,Jaipur,Rajasthan,North,Premium,2021-03-26,Active,2021-03-26,2024-01-19
CUST0232,Rekha Jain,Amritsar,Punjab,North,Standard,2021-12-12,Active,2021-12-12,2023-08-02
CUST0233,Pooja Sharma,Chennai,Tamil Nadu,South,Standard,2022-06-24,Active,2022-06-24,2023-10-10
CUST0234,Riya Saxena,Bhopal,Madhya Pradesh,North,Standard,2023-09-06,Active,2023-09-06,2024-10-03
CUST0235,Asha Kumar,Jaipur,Rajasthan,North,Standard,2022-01-14,Active,2022-01-14,2022-10-25
CUST0236,Siddharth Mishra,Nagpur,Maharashtra,West,Standard,2021-04-01,Active,2021-04-01,2024-09-07
CUST0237,Abhishek Sharma,Mumbai,Maharashtra,West,Standard,2023-12-03,Active,2023-12-03,2024-07-16
CUST0238,Abhishek Agarwal,Delhi,Delhi,North,Premium,2023-05-30,Active,2023-05-30,2023-11-13
CUST0239,Vivek Kapoor,Ranchi,Jharkhand,East,Standard,2021-10-08,Active,2021-10-08,2023-08-15
CUST0240,Kunal Bhat,Coimbatore,Tamil Nadu,South,Premium,2023-01-08,Active,2023-01-08,2024-05-21
CUST0241,Rahul Agarwal,Chandigarh,Punjab,North,Standard,2022-10-05,Active,2022-10-05,2023-09-21
CUST0242,Kunal Menon,Kolkata,West Bengal,East,Premium,2024-09-07,Active,2024-09-07,2024-10-23
CUST0243,Ajay Mehta,Kolkata,West Bengal,East,Premium,2022-07-19,Active,2022-07-19,2023-07-25
CUST0244,Aarti Chatterjee,Delhi,Delhi,North,Standard,2021-07-16,Active,2021-07-16,2023-04-02
CUST0245,Aditya Kumar,Chandigarh,Punjab,North,Standard,2021-11-18,Active,2021-11-18,2024-04-29
CUST0246,Kunal Mehta,Guwahati,Assam,East,Premium,2023-03-03,Inactive,2023-03-03,2023-05-24
CUST0247,Aarti Chatterjee,Lucknow,Uttar Pradesh,North,Standard,2024-08-10,Active,2024-08-10,2024-10-28
CUST0248,Ajay Saxena,Hyderabad,Telangana,South,Standard,2023-12-12,Active,2023-12-12,2024-01-29
CUST0249,Sunita Joshi,Chandigarh,Punjab,North,Standard,2023-03-17,Inactive,2023-03-17,2024-01-15
CUST0250,Sunita Jain,Lucknow,Uttar Pradesh,North,Standard,2022-12-18,Active,2022-12-18,2023-05-15
CUST0251,Ananya Yadav,Delhi,Delhi,North,Standard,2023-07-18,Active,2023-07-18,2024-07-11
CUST0252,Yash Menon,Pune,Maharashtra,West,Standard,2022-11-02,Active,2022-11-02,2024-08-21
CUST0253,Shalini Kulkarni,Pune,Maharashtra,West,Premium,2022-09-24,Active,2022-09-24,2023-05-28
CUST0254,Kavitha Agarwal,Chennai,Tamil Nadu,South,Premium,2021-04-14,Inactive,2021-04-14,2023-06-15
CUST0255,Radhika Trivedi,Delhi,Delhi,North,Standard,2023-04-17,Active,2023-04-17,2023-05-02
CUST0256,Shalini Yadav,Ranchi,Jharkhand,East,Premium,2023-05-28,Inactive,2023-05-28,2024-09-26
CUST0257,Naveen Menon,Bhubaneswar,Odisha,East,Standard,2023-08-19,Active,2023-08-19,2024-03-10
CUST0258,Aarti Malhotra,Pune,Maharashtra,West,Standard,2022-07-29,Active,2022-07-29,2023-04-20
CUST0259,Meera Mehta,Pune,Maharashtra,West,Standard,2023-09-04,Active,2023-09-04,2023-09-10
CUST0260,Swati Iyer,Hyderabad,Telangana,South,Standard,2024-07-21,Active,2024-07-21,2024-10-04
CUST0261,Riya Mehta,Chennai,Tamil Nadu,South,Standard,2022-10-26,Active,2022-10-26,2024-09-07
CUST0262,Gaurav Mehta,Coimbatore,Tamil Nadu,South,Standard,2024-05-03,Active,2024-05-03,2024-09-06
CUST0263,Arjun Malhotra,Coimbatore,Tamil Nadu,South,Standard,2021-01-06,Active,2021-01-06,2024-10-08
CUST0264,Isha Malhotra,Kolkata,West Bengal,East,Standard,2023-10-30,Active,2023-10-30,2024-08-02
CUST0265,Sanjay Saxena,Bhubaneswar,Odisha,East,Premium,2023-12-07,Active,2023-12-07,2024-02-12
CUST0266,Kunal Jain,Chandigarh,Punjab,North,Standard,2024-01-12,Active,2024-01-12,2024-05-17
CUST0267,Sneha Das,Delhi,Delhi,North,Standard,2024-03-12,Active,2024-03-12,2024-11-07
CUST0268,Rekha Jain,Bhubaneswar,Odisha,East,Standard,2024-02-15,Active,2024-02-15,2024-05-06
CUST0269,Rekha Pillai,Ranchi,Jharkhand,East,Standard,2021-08-29,Active,2021-08-29,2022-12-31
CUST0270,Yash Agarwal,Ranchi,Jharkhand,East,Standard,2021-09-04,Active,2021-09-04,2022-01-12
CUST0271,Simran Joshi,Amritsar,Punjab,North,Standard,2021-07-10,Active,2021-07-10,2022-06-01
CUST0272,Payal Gupta,Chandigarh,Punjab,North,Standard,2022-04-20,Active,2022-04-20,2023-06-17
CUST0273,Simran Joshi,Lucknow,Uttar Pradesh,North,Standard,2023-12-28,Active,2023-12-28,2024-04-23
CUST0274,Pooja Sharma,Guwahati,Assam,East,Standard,2022-12-02,Active,2022-12-02,2023-05-28
CUST0275,Ananya Desai,Surat,Gujarat,West,Standard,2024-07-29,Active,2024-07-29,2024-08-27
CUST0276,Asha Shah,Delhi,Delhi,North,Standard,2023-04-05,Active,2023-04-05,2024-05-05
CUST0277,Sneha Sharma,Jaipur,Rajasthan,North,Premium,2021-02-08,Active,2021-02-08,2021-03-11
CUST0278,Varun Agarwal,Jaipur,Rajasthan,North,Standard,2023-01-10,Active,2023-01-10,2023-08-28
CUST0279,Shalini Joshi,Mumbai,Maharashtra,West,Standard,2021-06-02,Active,2021-06-02,2022-03-06
CUST0280,Sneha Mehta,Chennai,Tamil Nadu,South,Standard,2022-03-13,Inactive,2022-03-13,2023-09-02
CUST0281,Rakesh Joshi,Chennai,Tamil Nadu,South,Premium,2023-01-12,Active,2023-01-12,2024-12-28
CUST0282,Nikita Joshi,Hyderabad,Telangana,South,Standard,2024-03-12,Active,2024-03-12,2024-11-21
CUST0283,Riya Agarwal,Ahmedabad,Gujarat,West,Premium,2021-12-06,Active,2021-12-06,2023-10-22
CUST0284,Rakesh Verma,Hyderabad,Telangana,South,Premium,2021-08-11,Active,2021-08-11,2021-08-21
CUST0285,Swati Menon,Mumbai,Maharashtra,West,Standard,2022-10-06,Active,2022-10-06,2023-01-10
CUST0286,Asha Sharma,Bhopal,Madhya Pradesh,North,Premium,2023-06-10,Active,2023-06-10,2024-01-29
CUST0287,Kunal Menon,Nagpur,Maharashtra,West,Standard,2023-04-07,Active,2023-04-07,2023-11-17
CUST0288,Yash Das,Chandigarh,Punjab,North,Standard,2022-07-05,Active,2022-07-05,2024-09-08
CUST0289,Deepak Jain,Lucknow,Uttar Pradesh,North,Premium,2024-03-21,Active,2024-03-21,2024-05-02
CUST0290,Gaurav Verma,Mumbai,Maharashtra,West,Premium,2023-04-30,Active,2023-04-30,2024-12-12
CUST0291,Mohit Trivedi,Delhi,Delhi,North,Premium,2022-08-22,Active,2022-08-22,2024-01-04
CUST0292,Kavitha Agarwal,Coimbatore,Tamil Nadu,South,Premium,2022-02-09,Active,2022-02-09,2022-08-22
CUST0293,Riya Singh,Kochi,Kerala,South,Standard,2024-05-03,Active,2024-05-03,2024-10-06
CUST0294,Aditya Kapoor,Surat,Gujarat,West,Standard,2023-01-02,Active,2023-01-02,2024-12-31
CUST0295,Ishita Menon,Hyderabad,Telangana,South,Premium,2021-03-10,Active,2021-03-10,2022-03-27
CUST0296,Kavitha Das,Delhi,Delhi,North,Standard,2021-07-12,Inactive,2021-07-12,2023-03-25
CUST0297,Ishita Jain,Mumbai,Maharashtra,West,Standard,2024-02-08,Active,2024-02-08,2024-04-25
CUST0298,Meera Agarwal,Kolkata,West Bengal,East,Premium,2021-07-28,Active,2021-07-28,2024-08-19
CUST0299,Yash Das,Delhi,Delhi,North,Standard,2021-03-24,Active,2021-03-24,2023-09-10
CUST0300,Abhishek Gupta,Delhi,Delhi,North,Standard,2024-07-11,Active,2024-07-11,2024-11-11
CUST0301,Karan Mehta,Bengaluru,Karnataka,South,Standard,2021-10-16,Active,2021-10-16,2021-11-06
CUST0302,Kavitha Menon,Amritsar,Punjab,North,Standard,2022-03-24,Active,2022-03-24,2022-10-19
CUST0303,Sanjay Das,Coimbatore,Tamil Nadu,South,Premium,2023-12-12,Active,2023-12-12,2024-10-18
CUST0304,Rakesh Menon,Chennai,Tamil Nadu,South,Premium,2024-02-02,Active,2024-02-02,2024-05-19
CUST0305,Karan Reddy,Mumbai,Maharashtra,West,Standard,2022-10-10,Active,2022-10-10,2024-10-06
CUST0306,Varun Saxena,Coimbatore,Tamil Nadu,South,Standard,2023-03-07,Inactive,2023-03-07,2024-11-19
CUST0307,Aditya Kapoor,Ahmedabad,Gujarat,West,Standard,2024-06-11,Active,2024-06-11,2024-11-29
CUST0308,Rekha Jain,Amritsar,Punjab,North,Standard,2023-09-08,Active,2023-09-08,2024-09-27
CUST0309,Divya Singh,Guwahati,Assam,East,Standard,2022-09-18,Active,2022-09-18,2023-09-15
CUST0310,Neha Singh,Mumbai,Maharashtra,West,Premium,2022-01-19,Inactive,2022-01-19,2024-01-05
CUST0311,Meera Malhotra,Pune,Maharashtra,West,Premium,2023-01-31,Active,2023-01-31,2023-11-04
CUST0312,Vivek Desai,Ranchi,Jharkhand,East,Standard,2022-05-14,Active,2022-05-14,2023-07-16
CUST0313,Harish Yadav,Mumbai,Maharashtra,West,Premium,2023-06-25,Active,2023-06-25,2024-08-08
CUST0314,Radhika Singh,Bhopal,Madhya Pradesh,North,Premium,2023-11-16,Active,2023-11-16,2023-12-08
CUST0315,Ishita Jain,Chandigarh,Punjab,North,Standard,2021-03-04,Active,2021-03-04,2022-02-15
CUST0316,Geeta Chatterjee,Bhopal,Madhya Pradesh,North,Premium,2023-12-15,Active,2023-12-15,2023-12-15
CUST0317,Priya Joshi,Nagpur,Maharashtra,West,Standard,2023-11-01,Active,2023-11-01,2024-09-30
CUST0318,Yash Rao,Amritsar,Punjab,North,Standard,2023-05-25,Active,2023-05-25,2023-11-18
CUST0319,Nidhi Patel,Mumbai,Maharashtra,West,Premium,2023-09-29,Active,2023-09-29,2024-06-29
CUST0320,Arjun Singh,Mumbai,Maharashtra,West,Premium,2022-02-23,Active,2022-02-23,2022-11-24
CUST0321,Preeti Joshi,Ahmedabad,Gujarat,West,Premium,2021-09-13,Inactive,2021-09-13,2022-12-13
CUST0322,Pooja Kulkarni,Chennai,Tamil Nadu,South,Premium,2023-06-20,Active,2023-06-20,2024-06-29
CUST0323,Preeti Patel,Bhopal,Madhya Pradesh,North,Premium,2023-01-22,Active,2023-01-22,2023-09-22
CUST0324,Gaurav Desai,Kochi,Kerala,South,Standard,2022-05-08,Active,2022-05-08,2022-05-31
CUST0325,Swati Kumar,Bhubaneswar,Odisha,East,Premium,2021-03-12,Active,2021-03-12,2021-07-13
CUST0326,Sunita Arora,Amritsar,Punjab,North,Premium,2021-09-07,Active,2021-09-07,2022-05-11
CUST0327,Sneha Trivedi,Hyderabad,Telangana,South,Standard,2022-09-13,Active,2022-09-13,2023-12-13
CUST0328,Aditya Patel,Ranchi,Jharkhand,East,Standard,2023-05-31,Inactive,2023-05-31,2024-04-13
CUST0329,Vivek Iyer,Coimbatore,Tamil Nadu,South,Standard,2024-07-14,Active,2024-07-14,2024-09-12
CUST0330,Tanvi Singh,Bhopal,Madhya Pradesh,North,Standard,2023-11-11,Active,2023-11-11,2024-04-08
CUST0331,Vivek Iyer,Delhi,Delhi,North,Standard,2021-05-29,Active,2021-05-29,2024-12-15
CUST0332,Vivek Desai,Lucknow,Uttar Pradesh,North,Standard,2024-04-23,Active,2024-04-23,2024-06-02
CUST0333,Divya Gupta,Chennai,Tamil Nadu,South,Standard,2022-02-09,Active,2022-02-09,2022-02-21
CUST0334,Manish Saxena,Coimbatore,Tamil Nadu,South,Premium,2024-06-28,Inactive,2024-06-28,2024-07-25
CUST0335,Rahul Kumar,Chandigarh,Punjab,North,Standard,2024-04-22,Active,2024-04-22,2024-12-06
CUST0336,Vivek Singh,Pune,Maharashtra,West,Standard,2021-06-08,Active,2021-06-08,2023-02-08
CUST0337,Vikram Malhotra,Kochi,Kerala,South,Premium,2023-06-14,Active,2023-06-14,2024-10-01
CUST0338,Swati Kulkarni,Chennai,Tamil Nadu,South,Standard,2023-01-09,Active,2023-01-09,2024-05-25
CUST0339,Nikita Mishra,Lucknow,Uttar Pradesh,North,Standard,2024-03-03,Active,2024-03-03,2024-04-05
CUST0340,Pooja Pillai,Kolkata,West Bengal,East,Standard,2022-03-18,Active,2022-03-18,2023-10-29
CUST0341,Karan Iyer,Chandigarh,Punjab,North,Standard,2021-02-06,Active,2021-02-06,2021-09-03
CUST0342,Nikita Pillai,Coimbatore,Tamil Nadu,South,Standard,2023-01-30,Active,2023-01-30,2024-04-26
CUST0343,Abhishek Verma,Amritsar,Punjab,North,Premium,2022-07-21,Active,2022-07-21,2024-01-18
CUST0344,Amit Arora,Bhopal,Madhya Pradesh,North,Standard,2022-07-14,Active,2022-07-14,2022-08-01
CUST0345,Meera Malhotra,Chandigarh,Punjab,North,Premium,2023-05-25,Active,2023-05-25,2024-03-10
CUST0346,Mohit Kulkarni,Bhubaneswar,Odisha,East,Standard,2023-12-12,Active,2023-12-12,2024-09-08
CUST0347,Vivek Bose,Jaipur,Rajasthan,North,Premium,2021-07-26,Active,2021-07-26,2023-09-25
CUST0348,Varun Yadav,Ahmedabad,Gujarat,West,Standard,2024-07-12,Active,2024-07-12,2024-11-10
CUST0349,Manish Pillai,Patna,Bihar,East,Standard,2022-09-11,Active,2022-09-11,2024-11-07
CUST0350,Shalini Shah,Ahmedabad,Gujarat,West,Standard,2022-07-16,Active,2022-07-16,2024-05-11
CUST0351,Pooja Pillai,Pune,Maharashtra,West,Standard,2022-01-11,Active,2022-01-11,2023-02-25
CUST0352,Kavitha Rao,Bhubaneswar,Odisha,East,Standard,2022-12-16,Active,2022-12-16,2024-06-14
CUST0353,Gaurav Desai,Lucknow,Uttar Pradesh,North,Standard,2023-05-03,Active,2023-05-03,2024-07-17
CUST0354,Vivek Bose,Amritsar,Punjab,North,Standard,2021-03-06,Active,2021-03-06,2023-08-17
CUST0355,Payal Pillai,Jaipur,Rajasthan,North,Standard,2023-09-14,Active,2023-09-14,2024-02-27
CUST0356,Vivek Reddy,Bhubaneswar,Odisha,East,Standard,2022-01-30,Active,2022-01-30,2022-02-16
CUST0357,Geeta Mehta,Kolkata,West Bengal,East,Standard,2022-01-19,Active,2022-01-19,2023-02-26
CUST0358,Geeta Shah,Mumbai,Maharashtra,West,Standard,2023-12-31,Active,2023-12-31,2024-05-21
CUST0359,Rakesh Menon,Guwahati,Assam,East,Standard,2024-08-14,Active,2024-08-14,2024-08-15
CUST0360,Mohit Pillai,Bhopal,Madhya Pradesh,North,Premium,2022-06-08,Active,2022-06-08,2023-01-30
CUST0361,Varun Singh,Lucknow,Uttar Pradesh,North,Standard,2023-01-19,Active,2023-01-19,2024-08-03
CUST0362,Rohit Jain,Chandigarh,Punjab,North,Premium,2022-05-12,Active,2022-05-12,2024-03-11
CUST0363,Radhika Singh,Kochi,Kerala,South,Premium,2021-05-19,Active,2021-05-19,2022-02-10
CUST0364,Deepak Bhat,Bhubaneswar,Odisha,East,Standard,2021-06-20,Active,2021-06-20,2022-02-11
CUST0365,Ishita Shah,Lucknow,Uttar Pradesh,North,Premium,2022-12-15,Active,2022-12-15,2023-08-13
CUST0366,Rakesh Mehta,Amritsar,Punjab,North,Standard,2024-03-25,Active,2024-03-25,2024-08-20
CUST0367,Meera Das,Ranchi,Jharkhand,East,Standard,2022-10-29,Active,2022-10-29,2024-01-17
CUST0368,Arjun Pillai,Amritsar,Punjab,North,Standard,2021-07-09,Active,2021-07-09,2023-08-20
CUST0369,Sunita Joshi,Coimbatore,Tamil Nadu,South,Standard,2022-10-12,Active,2022-10-12,2023-11-13
CUST0370,Meera Sharma,Coimbatore,Tamil Nadu,South,Standard,2024-09-23,Active,2024-09-23,2024-10-30
CUST0371,Amit Agarwal,Hyderabad,Telangana,South,Standard,2021-01-09,Active,2021-01-09,2023-02-21
CUST0372,Vivek Singh,Surat,Gujarat,West,Premium,2023-03-31,Active,2023-03-31,2024-08-21
CUST0373,Vivek Iyer,Chennai,Tamil Nadu,South,Premium,2024-06-02,Active,2024-06-02,2024-08-23
CUST0374,Amit Gupta,Chennai,Tamil Nadu,South,Standard,2022-11-21,Active,2022-11-21,2024-08-02
CUST0375,Meera Bose,Pune,Maharashtra,West,Premium,2023-05-12,Active,2023-05-12,2024-10-10
CUST0376,Simran Patel,Patna,Bihar,East,Standard,2024-03-23,Active,2024-03-23,2024-05-09
CUST0377,Rahul Mehta,Surat,Gujarat,West,Standard,2024-02-10,Active,2024-02-10,2024-04-17
CUST0378,Siddharth Gupta,Bhubaneswar,Odisha,East,Standard,2022-06-13,Active,2022-06-13,2023-11-12
CUST0379,Geeta Shah,Chennai,Tamil Nadu,South,Premium,2022-03-27,Active,2022-03-27,2023-11-15
CUST0380,Meera Bose,Hyderabad,Telangana,South,Standard,2022-07-12,Active,2022-07-12,2024-05-02
CUST0381,Sunita Arora,Amritsar,Punjab,North,Standard,2021-06-27,Active,2021-06-27,2022-05-25
CUST0382,Shalini Kumar,Mumbai,Maharashtra,West,Standard,2024-01-11,Active,2024-01-11,2024-12-11
CUST0383,Sneha Trivedi,Nagpur,Maharashtra,West,Standard,2022-02-05,Active,2022-02-05,2022-09-17
CUST0384,Abhishek Agarwal,Bhubaneswar,Odisha,East,Standard,2024-08-31,Active,2024-08-31,2024-09-25
CUST0385,Vikram Bose,Bhopal,Madhya Pradesh,North,Standard,2022-10-14,Active,2022-10-14,2024-11-10
CUST0386,Naveen Shah,Kochi,Kerala,South,Standard,2023-11-24,Active,2023-11-24,2024-11-14
CUST0387,Rakesh Mehta,Bhubaneswar,Odisha,East,Standard,2022-09-03,Active,2022-09-03,2024-12-12
CUST0388,Rekha Patel,Chennai,Tamil Nadu,South,Standard,2021-11-09,Active,2021-11-09,2023-10-01
CUST0389,Rekha Jain,Pune,Maharashtra,West,Premium,2023-11-22,Active,2023-11-22,2024-02-05
CUST0390,Divya Arora,Mumbai,Maharashtra,West,Standard,2021-11-02,Active,2021-11-02,2024-05-22
CUST0391,Riya Verma,Coimbatore,Tamil Nadu,South,Standard,2023-03-25,Active,2023-03-25,2024-12-30
CUST0392,Sunita Joshi,Pune,Maharashtra,West,Standard,2022-05-25,Active,2022-05-25,2023-12-01
CUST0393,Siddharth Bhat,Chandigarh,Punjab,North,Standard,2023-11-24,Active,2023-11-24,2024-03-13
CUST0394,Sanjay Singh,Surat,Gujarat,West,Standard,2022-06-01,Active,2022-06-01,2024-08-09
CUST0395,Riya Kulkarni,Coimbatore,Tamil Nadu,South,Standard,2023-02-07,Active,2023-02-07,2024-06-18
CUST0396,Shalini Kumar,Guwahati,Assam,East,Premium,2023-01-30,Active,2023-01-30,2024-06-16
CUST0397,Shalini Yadav,Surat,Gujarat,West,Standard,2022-08-12,Active,2022-08-12,2023-01-16
CUST0398,Radhika Mehta,Mumbai,Maharashtra,West,Standard,2021-08-07,Active,2021-08-07,2022-05-11
CUST0399,Deepak Jain,Ranchi,Jharkhand,East,Premium,2024-07-27,Active,2024-07-27,2024-10-20
CUST0400,Sanjay Singh,Amritsar,Punjab,North,Standard,2023-02-16,Active,2023-02-16,2023-07-09
CUST0401,Varun Arora,Amritsar,Punjab,North,Premium,2024-03-15,Active,2024-03-15,2024-08-08
CUST0402,Ishita Reddy,Patna,Bihar,East,Standard,2022-08-05,Active,2022-08-05,2023-10-23
CUST0403,Suresh Kulkarni,Chandigarh,Punjab,North,Standard,2021-07-12,Active,2021-07-12,2024-04-01
CUST0404,Komal Verma,Mumbai,Maharashtra,West,Premium,2021-03-15,Active,2021-03-15,2024-07-16
CUST0405,Riya Kulkarni,Pune,Maharashtra,West,Premium,2021-06-30,Active,2021-06-30,2022-09-22
CUST0406,Neha Kulkarni,Ranchi,Jharkhand,East,Standard,2022-03-21,Active,2022-03-21,2024-01-12
CUST0407,Siddharth Bhat,Patna,Bihar,East,Standard,2023-02-21,Active,2023-02-21,2023-11-05
CUST0408,Aarti Singh,Surat,Gujarat,West,Standard,2022-08-24,Active,2022-08-24,2024-07-21
CUST0409,Shalini Joshi,Hyderabad,Telangana,South,Premium,2021-12-14,Active,2021-12-14,2024-10-18
CUST0410,Preeti Rao,Bhopal,Madhya Pradesh,North,Standard,2022-06-15,Active,2022-06-15,2024-08-05
CUST0411,Nikita Singh,Kochi,Kerala,South,Standard,2021-12-01,Active,2021-12-01,2024-04-02
CUST0412,Gaurav Kulkarni,Nagpur,Maharashtra,West,Premium,2021-01-17,Active,2021-01-17,2021-03-14
CUST0413,Gaurav Mishra,Lucknow,Uttar Pradesh,North,Standard,2021-11-03,Active,2021-11-03,2024-03-20
CUST0414,Neha Gupta,Hyderabad,Telangana,South,Premium,2022-09-28,Active,2022-09-28,2023-09-09
CUST0415,Neha Bose,Mumbai,Maharashtra,West,Premium,2023-11-16,Active,2023-11-16,2024-02-15
CUST0416,Abhishek Sharma,Ahmedabad,Gujarat,West,Standard,2024-04-25,Active,2024-04-25,2024-10-25
CUST0417,Kavitha Gupta,Patna,Bihar,East,Standard,2022-01-06,Active,2022-01-06,2024-11-07
CUST0418,Neha Gupta,Kochi,Kerala,South,Standard,2023-05-17,Active,2023-05-17,2024-12-07
CUST0419,Varun Agarwal,Pune,Maharashtra,West,Standard,2022-07-28,Active,2022-07-28,2024-02-15
CUST0420,Preeti Yadav,Kochi,Kerala,South,Standard,2022-02-13,Active,2022-02-13,2022-11-11
CUST0421,Geeta Rao,Surat,Gujarat,West,Standard,2021-08-20,Active,2021-08-20,2022-06-17
CUST0422,Kavitha Menon,Delhi,Delhi,North,Standard,2022-04-09,Active,2022-04-09,2024-11-23
CUST0423,Riya Saxena,Amritsar,Punjab,North,Standard,2024-06-25,Active,2024-06-25,2024-08-06
CUST0424,Vivek Jain,Ahmedabad,Gujarat,West,Standard,2023-08-25,Active,2023-08-25,2023-10-02
CUST0425,Rekha Jain,Chennai,Tamil Nadu,South,Premium,2023-10-22,Active,2023-10-22,2024-07-15
CUST0426,Nikita Yadav,Jaipur,Rajasthan,North,Premium,2021-02-18,Active,2021-02-18,2023-10-30
CUST0427,Varun Singh,Ahmedabad,Gujarat,West,Standard,2023-08-21,Active,2023-08-21,2024-04-24
CUST0428,Pooja Bhat,Chennai,Tamil Nadu,South,Standard,2022-07-22,Active,2022-07-22,2023-08-16
CUST0429,Meera Agarwal,Coimbatore,Tamil Nadu,South,Premium,2023-04-01,Active,2023-04-01,2024-06-14
CUST0430,Nikita Kumar,Ahmedabad,Gujarat,West,Standard,2023-05-02,Active,2023-05-02,2023-11-25
CUST0431,Radhika Menon,Coimbatore,Tamil Nadu,South,Standard,2023-12-27,Active,2023-12-27,2024-04-22
CUST0432,Arjun Kulkarni,Ranchi,Jharkhand,East,Premium,2023-01-12,Active,2023-01-12,2023-05-05
CUST0433,Sunita Arora,Chandigarh,Punjab,North,Premium,2022-01-12,Active,2022-01-12,2022-11-13
CUST0434,Shalini Kulkarni,Lucknow,Uttar Pradesh,North,Premium,2022-04-12,Active,2022-04-12,2022-08-13
CUST0435,Yash Patel,Kolkata,West Bengal,East,Standard,2023-12-30,Active,2023-12-30,2024-05-31
CUST0436,Sanjay Desai,Pune,Maharashtra,West,Standard,2024-09-27,Active,2024-09-27,2024-12-18
CUST0437,Karan Reddy,Kochi,Kerala,South,Standard,2024-04-21,Active,2024-04-21,2024-10-12
CUST0438,Deepak Saxena,Pune,Maharashtra,West,Premium,2023-09-15,Active,2023-09-15,2024-06-13
CUST0439,Payal Reddy,Bhubaneswar,Odisha,East,Standard,2021-10-16,Active,2021-10-16,2022-06-20
CUST0440,Neha Bose,Delhi,Delhi,North,Standard,2021-09-04,Active,2021-09-04,2024-10-05
CUST0441,Sneha Saxena,Bhopal,Madhya Pradesh,North,Premium,2024-04-25,Inactive,2024-04-25,2024-08-28
CUST0442,Aditya Patel,Lucknow,Uttar Pradesh,North,Premium,2023-12-06,Active,2023-12-06,2024-07-29
CUST0443,Abhishek Desai,Surat,Gujarat,West,Standard,2021-01-24,Active,2021-01-24,2022-08-25
CUST0444,Simran Agarwal,Mumbai,Maharashtra,West,Standard,2021-12-20,Active,2021-12-20,2023-07-10
CUST0445,Aarti Chatterjee,Kochi,Kerala,South,Standard,2024-06-02,Active,2024-06-02,2024-06-02
CUST0446,Preeti Joshi,Mumbai,Maharashtra,West,Premium,2021-10-10,Active,2021-10-10,2024-08-14
CUST0447,Aditya Patel,Chennai,Tamil Nadu,South,Standard,2022-02-11,Active,2022-02-11,2022-07-19
CUST0448,Aarti Singh,Jaipur,Rajasthan,North,Premium,2022-10-25,Active,2022-10-25,2023-11-09
CUST0449,Sneha Das,Hyderabad,Telangana,South,Standard,2023-02-26,Active,2023-02-26,2023-10-07
CUST0450,Komal Verma,Ranchi,Jharkhand,East,Standard,2021-08-23,Active,2021-08-23,2022-03-15
CUST0451,Gaurav Kulkarni,Pune,Maharashtra,West,Premium,2023-10-22,Active,2023-10-22,2024-09-01
CUST0452,Pooja Kulkarni,Pune,Maharashtra,West,Premium,2022-06-06,Active,2022-06-06,2023-10-31
CUST0453,Riya Verma,Ahmedabad,Gujarat,West,Standard,2022-04-16,Active,2022-04-16,2023-04-29
CUST0454,Yash Menon,Ranchi,Jharkhand,East,Standard,2022-11-21,Inactive,2022-11-21,2023-06-04
CUST0455,Ananya Yadav,Mumbai,Maharashtra,West,Premium,2023-06-01,Active,2023-06-01,2024-02-18
CUST0456,Amit Sharma,Nagpur,Maharashtra,West,Premium,2024-03-01,Active,2024-03-01,2024-06-05
CUST0457,Vivek Iyer,Surat,Gujarat,West,Standard,2021-07-21,Active,2021-07-21,2021-08-22
CUST0458,Sanjay Das,Delhi,Delhi,North,Standard,2023-09-26,Active,2023-09-26,2024-04-29
CUST0459,Rohit Jain,Bhopal,Madhya Pradesh,North,Standard,2021-07-11,Active,2021-07-11,2023-10-14
CUST0460,Suresh Chatterjee,Bhubaneswar,Odisha,East,Standard,2024-05-15,Active,2024-05-15,2024-11-12
CUST0461,Abhishek Agarwal,Mumbai,Maharashtra,West,Premium,2022-09-07,Active,2022-09-07,2024-10-21
CUST0462,Pooja Das,Delhi,Delhi,North,Standard,2021-08-10,Active,2021-08-10,2021-12-24
CUST0463,Asha Sharma,Ranchi,Jharkhand,East,Standard,2024-08-27,Active,2024-08-27,2024-09-27
CUST0464,Shalini Yadav,Coimbatore,Tamil Nadu,South,Standard,2022-01-18,Active,2022-01-18,2022-02-17
CUST0465,Deepak Yadav,Ranchi,Jharkhand,East,Standard,2021-05-27,Active,2021-05-27,2023-02-07
CUST0466,Pooja Pillai,Bhubaneswar,Odisha,East,Standard,2021-01-18,Inactive,2021-01-18,2021-09-16
CUST0467,Nikita Pillai,Patna,Bihar,East,Standard,2022-09-02,Active,2022-09-02,2023-01-03
CUST0468,Preeti Joshi,Amritsar,Punjab,North,Premium,2024-03-25,Active,2024-03-25,2024-10-12
CUST0469,Meera Sharma,Hyderabad,Telangana,South,Premium,2024-09-14,Active,2024-09-14,2024-10-13
CUST0470,Vivek Malhotra,Lucknow,Uttar Pradesh,North,Standard,2021-05-14,Active,2021-05-14,2024-04-20
CUST0471,Vikram Yadav,Mumbai,Maharashtra,West,Premium,2022-10-03,Active,2022-10-03,2024-07-19
CUST0472,Simran Verma,Amritsar,Punjab,North,Standard,2024-08-05,Active,2024-08-05,2024-11-04
CUST0473,Payal Singh,Chandigarh,Punjab,North,Standard,2024-05-03,Active,2024-05-03,2024-07-26
CUST0474,Kavitha Mehta,Patna,Bihar,East,Standard,2023-07-30,Active,2023-07-30,2024-05-19
CUST0475,Varun Mishra,Chandigarh,Punjab,North,Standard,2021-06-06,Active,2021-06-06,2022-11-07
CUST0476,Arjun Singh,Kochi,Kerala,South,Standard,2021-06-16,Active,2021-06-16,2023-07-11
CUST0477,Gaurav Desai,Guwahati,Assam,East,Premium,2022-08-28,Active,2022-08-28,2023-05-12
CUST0478,Gaurav Desai,Ranchi,Jharkhand,East,Standard,2022-09-30,Active,2022-09-30,2023-11-02
CUST0479,Isha Joshi,Hyderabad,Telangana,South,Standard,2023-12-13,Active,2023-12-13,2024-03-29
CUST0480,Meera Mehta,Pune,Maharashtra,West,Standard,2024-07-03,Active,2024-07-03,2024-12-06
CUST0481,Divya Nair,Jaipur,Rajasthan,North,Premium,2021-04-18,Active,2021-04-18,2021-12-18
CUST0482,Meera Rao,Lucknow,Uttar Pradesh,North,Premium,2022-08-05,Active,2022-08-05,2024-01-12
CUST0483,Amit Patel,Lucknow,Uttar Pradesh,North,Standard,2023-01-04,Active,2023-01-04,2024-11-20
CUST0484,Rakesh Verma,Hyderabad,Telangana,South,Premium,2022-10-01,Active,2022-10-01,2023-09-17
CUST0485,Aditya Verma,Ranchi,Jharkhand,East,Standard,2023-09-24,Active,2023-09-24,2024-04-11
CUST0486,Aditya Desai,Kolkata,West Bengal,East,Premium,2024-02-17,Active,2024-02-17,2024-02-18
CUST0487,Ajay Saxena,Bhubaneswar,Odisha,East,Standard,2022-01-05,Active,2022-01-05,2022-09-06
CUST0488,Pooja Sharma,Bhopal,Madhya Pradesh,North,Premium,2022-09-08,Active,2022-09-08,2023-03-21
CUST0489,Simran Mehta,Amritsar,Punjab,North,Standard,2024-04-09,Active,2024-04-09,2024-06-14
CUST0490,Yash Rao,Chennai,Tamil Nadu,South,Standard,2023-08-21,Active,2023-08-21,2024-07-20
CUST0491,Naveen Iyer,Kochi,Kerala,South,Premium,2022-09-19,Active,2022-09-19,2023-01-31
CUST0492,Rohit Jain,Delhi,Delhi,North,Standard,2021-07-01,Active,2021-07-01,2022-06-15
CUST0493,Rekha Joshi,Nagpur,Maharashtra,West,Standard,2024-03-07,Active,2024-03-07,2024-08-04
CUST0494,Isha Singh,Amritsar,Punjab,North,Standard,2021-11-26,Active,2021-11-26,2023-06-27
CUST0495,Nikita Joshi,Nagpur,Maharashtra,West,Standard,2021-04-02,Active,2021-04-02,2024-04-08
CUST0496,Rekha Nair,Hyderabad,Telangana,South,Premium,2022-03-15,Inactive,2022-03-15,2022-12-11
CUST0497,Riya Saxena,Ranchi,Jharkhand,East,Premium,2022-05-16,Active,2022-05-16,2022-11-28
CUST0498,Swati Iyer,Pune,Maharashtra,West,Standard,2021-12-08,Active,2021-12-08,2022-07-21
CUST0499,Neha Rao,Patna,Bihar,East,Standard,2024-04-13,Active,2024-04-13,2024-06-13
CUST0500,Isha Saxena,Bhopal,Madhya Pradesh,North,Premium,2021-06-27,Active,2021-06-27,2022-11-22
CUST0501,Mohit Trivedi,Nagpur,Maharashtra,West,Premium,2023-05-02,Active,2023-05-02,2023-08-21
CUST0502,Neha Kulkarni,Coimbatore,Tamil Nadu,South,Standard,2023-07-07,Active,2023-07-07,2023-10-11
CUST0503,Preeti Rao,Patna,Bihar,East,Standard,2023-10-21,Active,2023-10-21,2023-11-18
CUST0504,Kunal Iyer,Kochi,Kerala,South,Premium,2021-02-17,Active,2021-02-17,2023-10-15
CUST0505,Manish Iyer,Bhopal,Madhya Pradesh,North,Premium,2023-09-29,Active,2023-09-29,2024-07-30